{"cameraMode":{"drawMode":0,"name":"Shaded","section":"Shading Mode"},"sceneLighting":true,"audioPlay":false,"sceneViewState":{"showFog":true,"showMaterialUpdate":false,"showSkybox":true,"showFlares":true,"showImageEffects":true,"showParticleSystems":true},"in2DMode":false,"pivot":{"x":12.088346481323243,"y":0.6333877444267273,"z":8.061424255371094},"rotation":{"x":-0.03986385092139244,"y":-0.5233222246170044,"z":0.024505194276571275,"w":-0.850877046585083},"size":22.0,"orthographic":false}