{"cameraMode":{"drawMode":0,"name":"Shaded","section":"Shading Mode"},"sceneLighting":false,"audioPlay":false,"sceneViewState":{"showFog":true,"showMaterialUpdate":false,"showSkybox":false,"showFlares":true,"showImageEffects":true,"showParticleSystems":true},"in2DMode":false,"pivot":{"x":90.20780181884766,"y":41.584503173828128,"z":-19.373268127441408},"rotation":{"x":0.017470983788371087,"y":-0.41398733854293826,"z":-0.007938303984701634,"w":-0.9101060032844544},"size":156.4275360107422,"orthographic":false}