{"cameraMode":{"drawMode":0,"name":"Shaded","section":"Shading Mode"},"sceneLighting":false,"audioPlay":false,"sceneViewState":{"showFog":true,"showMaterialUpdate":false,"showSkybox":false,"showFlares":true,"showImageEffects":true,"showParticleSystems":true},"in2DMode":false,"pivot":{"x":-0.06972594559192658,"y":0.3723098039627075,"z":0.6938345432281494},"rotation":{"x":0.0461760051548481,"y":-0.0009112021652981639,"z":-0.000013657524505106267,"w":-0.9989669919013977},"size":1.811758279800415,"orthographic":false}